Batch Size, Conv2d [ms]
1, 0.2583499999999983
2, 0.3118879200000002
4, 0.5125620899999994
8, 0.7204629200000001
16, 1.0479933399999997
32, 1.63845625
64, 1.9185733300000019
